"Site","Division"
"BBSH","BIS"
"BCHQ","BIS"
"CBIR","Corporate"
"CCHQ","Corporate"
"CDCA","Corporate"
"CGMT","Corporate"
"CGRW","Corporate"
"CGUS","Corporate"
"CMAL","Corporate"
"CNLC","Corporate"
"CSGC","Corporate"
"CSHA","Corporate"
"CTOW","Corporate"
"CUSC","Corporate"
"CWDC","Corporate"
"DABU","Detection"
"DACI","Detection"
"DARI","Detection"
"DAUC","Detection"
"DBGK","Detection"
"DBRU","Detection"
"DBSL","Detection"
"DCHG","Detection"
"DCHI","Detection"
"DCOI","Detection"
"DCRY","Detection"
"DDNN","Detection"
"DDOH","Detection"
"DDUB","Detection"
"DDUI","Detection"
"DESS","Detection"
"DEWN","Detection"
"DHQW","Detection"
"DIJM","Detection"
"DJOH","Detection"
"DMLI","Detection"
"DMOR","Detection"
"DNDA","Detection"
"DNDI","Detection"
"DNDL","Detection"
"DPAI","Detection"
"DPAR","Detection"
"DROM","Detection"
"DSGI","Detection"
"DSTP","Detection"
"DSYD","Detection"
"DTRN","Detection"
"DWBI","Detection"
"DWFI","Detection"
"DWFN","Detection"
"DWIE","Detection"
"JABN","John Crane"
"JABU","John Crane"
"JADL","John Crane"
"JALV","John Crane"
"JAND","John Crane"
"JANS","John Crane"
"JANT","John Crane"
"JATT","John Crane"
"JBAH","John Crane"
"JBAI","John Crane"
"JBAL","John Crane"
"JBAN","John Crane"
"JBAP","John Crane"
"JBAR","John Crane"
"JBAT","John Crane"
"JBAY","John Crane"
"JBBN","John Crane"
"JBCA","John Crane"
"JBEA","John Crane"
"JBER","John Crane"
"JBGS","John Crane"
"JBIE","John Crane"
"JBIL","John Crane"
"JBKF","John Crane"
"JBLU","John Crane"
"JBOG","John Crane"
"JBOL","John Crane"
"JBOR","John Crane"
"JBOT","John Crane"
"JBPG","John Crane"
"JBRA","John Crane"
"JBRC","John Crane"
"JBRE","John Crane"
"JBRR","John Crane"
"JBRU","John Crane"
"JBUA","John Crane"
"JBUC","John Crane"
"JBUR","John Crane"
"JCAD","John Crane"
"JCAG","John Crane"
"JCAL","John Crane"
"JCAM","John Crane"
"JCAP","John Crane"
"JCBR","John Crane"
"JCCQ","John Crane"
"JCDC","John Crane"
"JCED","John Crane"
"JCER","John Crane"
"JCGU","John Crane"
"JCHE","John Crane"
"JCHI","John Crane"
"JCHQ","John Crane"
"JCIL","John Crane"
"JCLS","John Crane"
"JCNA","John Crane"
"JCNL","John Crane"
"JCNS","John Crane"
"JCOA","John Crane"
"JCOB","John Crane"
"JCOL","John Crane"
"JCON","John Crane"
"JCOR","John Crane"
"JCOU","John Crane"
"JCPS","John Crane"
"JCRA","John Crane"
"JCRS","John Crane"
"JCRY","John Crane"
"JCTC","John Crane"
"JCUA","John Crane"
"JCUK","John Crane"
"JCXD","John Crane"
"JCXO","John Crane"
"JCZO","John Crane"
"JDAL","John Crane"
"JDAR","John Crane"
"JDEC","John Crane"
"JDEL","John Crane"
"JDER","John Crane"
"JDOH","John Crane"
"JDSN","John Crane"
"JDUB","John Crane"
"JDUI","John Crane"
"JDYC","John Crane"
"JEDE","John Crane"
"JEDM","John Crane"
"JELI","John Crane"
"JELL","John Crane"
"JERC","John Crane"
"JFAR","John Crane"
"JFER","John Crane"
"JFLO","John Crane"
"JFRE","John Crane"
"JFUL","John Crane"
"JGEL","John Crane"
"JGIL","John Crane"
"JGLE","John Crane"
"JGOE","John Crane"
"JGOL","John Crane"
"JGOT","John Crane"
"JGRA","John Crane"
"JGRE","John Crane"
"JGRF","John Crane"
"JGST","John Crane"
"JGUA","John Crane"
"JHAB","John Crane"
"JHAI","John Crane"
"JHAM","John Crane"
"JHEL","John Crane"
"JHER","John Crane"
"JHIR","John Crane"
"JHOB","John Crane"
"JHOU","John Crane"
"JHUE","John Crane"
"JHUI","John Crane"
"JHUL","John Crane"
"JHUM","John Crane"
"JIND","John Crane"
"JIST","John Crane"
"JJAK","John Crane"
"JJFX","John Crane"
"JJOK","John Crane"
"JJUB","John Crane"
"JKAL","John Crane"
"JKAO","John Crane"
"JKHO","John Crane"
"JKMT","John Crane"
"JKOK","John Crane"
"JKOL","John Crane"
"JKUA","John Crane"
"JKUW","John Crane"
"JLAP","John Crane"
"JLDF","John Crane"
"JLDN","John Crane"
"JLIL","John Crane"
"JLIM","John Crane"
"JLNZ","John Crane"
"JLOT","John Crane"
"JLUT","John Crane"
"JLYN","John Crane"
"JMAC","John Crane"
"JMAD","John Crane"
"JMAH","John Crane"
"JMAI","John Crane"
"JMAN","John Crane"
"JMAR","John Crane"
"JMCA","John Crane"
"JMDI","John Crane"
"JMEN","John Crane"
"JMID","John Crane"
"JMNT","John Crane"
"JMOB","John Crane"
"JMOI","John Crane"
"JMOR","John Crane"
"JMOS","John Crane"
"JMRN","John Crane"
"JMUG","John Crane"
"JMUM","John Crane"
"JMUU","John Crane"
"JNAN","John Crane"
"JNAP","John Crane"
"JNEA","John Crane"
"JNEL","John Crane"
"JNEU","John Crane"
"JNEW","John Crane"
"JNOR","John Crane"
"JOCR","John Crane"
"JODE","John Crane"
"JOEM","John Crane"
"JOKC","John Crane"
"JOLO","John Crane"
"JONA","John Crane"
"JOPR","John Crane"
"JORP","John Crane"
"JOSA","John Crane"
"JOTS","John Crane"
"JOUL","John Crane"
"JPAS","John Crane"
"JPEK","John Crane"
"JPEL","John Crane"
"JPEM","John Crane"
"JPFJ","John Crane"
"JPHU","John Crane"
"JPIT","John Crane"
"JPLO","John Crane"
"JPOE","John Crane"
"JPOI","John Crane"
"JPOR","John Crane"
"JPTA","John Crane"
"JPUE","John Crane"
"JPUN","John Crane"
"JPUS","John Crane"
"JQUE","John Crane"
"JQUN","John Crane"
"JRAT","John Crane"
"JRCL","John Crane"
"JRDJ","John Crane"
"JRIC","John Crane"
"JROM","John Crane"
"JROU","John Crane"
"JRTA","John Crane"
"JSAL","John Crane"
"JSAN","John Crane"
"JSAO","John Crane"
"JSAR","John Crane"
"JSAS","John Crane"
"JSCH","John Crane"
"JSDA","John Crane"
"JSEC","John Crane"
"JSEN","John Crane"
"JSEO","John Crane"
"JSHA","John Crane"
"JSHE","John Crane"
"JSHI","John Crane"
"JSID","John Crane"
"JSIR","John Crane"
"JSLG","John Crane"
"JSLI","John Crane"
"JSLT","John Crane"
"JSND","John Crane"
"JSOL","John Crane"
"JSOM","John Crane"
"JSON","John Crane"
"JSTA","John Crane"
"JSTR","John Crane"
"JSUN","John Crane"
"JSUP","John Crane"
"JSUR","John Crane"
"JSWE","John Crane"
"JSZA","John Crane"
"JTAB","John Crane"
"JTAM","John Crane"
"JTAR","John Crane"
"JTCL","John Crane"
"JTEE","John Crane"
"JTFT","John Crane"
"JTJN","John Crane"
"JTOJ","John Crane"
"JTOL","John Crane"
"JTON","John Crane"
"JTOT","John Crane"
"JTPK","John Crane"
"JTRA","John Crane"
"JTRU","John Crane"
"JTUA","John Crane"
"JTUL","John Crane"
"JTYL","John Crane"
"JVAL","John Crane"
"JVAN","John Crane"
"JVEN","John Crane"
"JVIC","John Crane"
"JVID","John Crane"
"JVIT","John Crane"
"JVLC","John Crane"
"JWAT","John Crane"
"JWEI","John Crane"
"JWES","John Crane"
"JWIL","John Crane"
"JYAG","John Crane"
"JYAN","John Crane"
"JYEO","John Crane"
"JYOK","John Crane"
"JZUL","John Crane"
"MASH","Medical"
"MBAR","Medical"
"MBEJ","Medical"
"MBRA","Medical"
"MBRI","Medical"
"MBRU","Medical"
"MCHI","Medical"
"MCMB","Medical"
"MCRO","Medical"
"MCRX","Medical"
"MCZH","Medical"
"MDBL","Medical"
"MDBN","Medical"
"MDUA","Medical"
"MDUB","Medical"
"MFRA","Medical"
"MGAR","Medical"
"MGNZ","Medical"
"MHAI","Medical"
"MHYT","Medical"
"MKEE","Medical"
"MKEN","Medical"
"MKOM","Medical"
"MLAT","Medical"
"MLUT","Medical"
"MMAR","Medical"
"MMEM","Medical"
"MMIL","Medical"
"MMON","Medical"
"MMSP","Medical"
"MMUC","Medical"
"MMUM","Medical"
"MMWH","Medical"
"MNAS","Medical"
"MNIJ","Medical"
"MNOR","Medical"
"MOAK","Medical"
"MORL","Medical"
"MPAU","Medical"
"MPRT","Medical"
"MREG","Medical"
"MROC","Medical"
"MROS","Medical"
"MRSS","Medical"
"MSHA","Medical"
"MSIN","Medical"
"MSOL","Medical"
"MSOU","Medical"
"MSYD","Medical"
"MTIJ","Medical"
"MTOK","Medical"
"MWAT","Medical"
"MWAU","Medical"
"MZHC","Medical"
"SAMO","Flex-Tek"
"SBAN","Interconnect"
"SCHM","Interconnect"
"SDSH","Interconnect"
"SECR","Interconnect"
"SFAB","Flex-Tek"
"SFAI","Interconnect"
"SFCA","Flex-Tek"
"SFCN","Flex-Tek"
"SFCO","Flex-Tek"
"SFDE","Flex-Tek"
"SFDU","Flex-Tek"
"SFGA","Flex-Tek"
"SFGW","Flex-Tek"
"SFLX","Interconnect"
"SFMA","Flex-Tek"
"SFPI","Flex-Tek"
"SGTE","Flex-Tek"
"SHYF","Interconnect"
"SHYG","Interconnect"
"SHYI","Interconnect"
"SHYJ","Interconnect"
"SHYL","Interconnect"
"SHYM","Interconnect"
"SHYP","Interconnect"
"SIAZ","Interconnect"
"SIFR","Interconnect"
"SIHM","Interconnect"
"SIKC","Interconnect"
"SINT","Interconnect"
"SIRV","Interconnect"
"SISC","Interconnect"
"SISG","Interconnect"
"SISV","Interconnect"
"SISZ","Interconnect"
"SLEA","Interconnect"
"SLGB","Flex-Tek"
"SLOS","Interconnect"
"SMHQ","Interconnect"
"SMIL","Interconnect"
"SPOL","Interconnect"
"SRAD","Interconnect"
"SRFL","Interconnect"
"SSAB","Interconnect"
"SSCM","Interconnect"
"SSH1","Interconnect"
"SSH2","Interconnect"
"SSHA","Interconnect"
"SSUM","Interconnect"
"STCH","Flex-Tek"
"STDO","Flex-Tek"
"STEC","Interconnect"
"STEL","Flex-Tek"
"STFC","Flex-Tek"
"STFF","Flex-Tek"
"STFX","Flex-Tek"
"STNP","Interconnect"
"STRA","Interconnect"
"STRC","Flex-Tek"
"STRD","Interconnect"
"STRE","Interconnect"
"STRT","Interconnect"
"STRX","Interconnect"
"STRY","Flex-Tek"
"STSL","Flex-Tek"
"STUT","Flex-Tek"
